City_ID,City,Country,Date,Lat,Lng,Max Temp,Humidity,Cloudiness,Wind Speed
0,Masvingo,ZW,2022-05-16 15:57:09,-20.0637,30.8277,62.65,67,75,6.91
1,Pelym,RU,2022-05-16 15:57:09,61.0108,61.9978,53.28,59,46,1.41
2,Hambantota,LK,2022-05-16 15:55:20,6.1241,81.1185,79.14,100,20,9.22
3,Mataura,NZ,2022-05-16 15:57:10,-46.1927,168.8643,56.48,95,74,1.86
4,Chokurdakh,RU,2022-05-16 15:57:11,70.6333,147.9167,24.69,96,100,12.03
5,Acapulco,MX,2022-05-16 15:55:39,16.8634,-99.8901,87.67,50,39,5.14
6,Hofn,IS,2022-05-16 15:57:11,64.2539,-15.2082,55.42,67,75,9.22
7,Sars,RU,2022-05-16 15:57:12,56.5502,57.1366,49.59,89,99,5.44
8,Yazman,PK,2022-05-16 15:57:12,29.1212,71.7446,98.13,12,0,9.04
9,Potam,MX,2022-05-16 15:57:12,27.6,-110.3833,85.69,24,100,8.03
10,Albany,US,2022-05-16 15:54:17,42.6001,-73.9662,79.03,72,58,4.0
11,Klaksvik,FO,2022-05-16 15:57:13,62.2266,-6.589,52.72,87,36,22.26
12,Beringovskiy,RU,2022-05-16 15:57:13,63.05,179.3167,33.98,81,2,6.8
13,Jamestown,US,2022-05-16 15:52:38,42.097,-79.2353,58.64,94,100,7.0
14,Komsomolskiy,UZ,2022-05-16 15:57:14,40.4272,71.7189,75.92,41,64,2.3
15,Ushuaia,AR,2022-05-16 15:53:32,-54.8,-68.3,46.06,71,0,6.91
16,Port Alfred,ZA,2022-05-16 15:57:14,-33.5906,26.891,71.19,70,0,13.15
17,Belaya Gora,RU,2022-05-16 15:57:15,68.5333,146.4167,21.09,99,87,3.8
18,Georgetown,MY,2022-05-16 15:56:19,5.4112,100.3354,80.53,98,40,5.01
19,Dunmore East,IE,2022-05-16 15:57:15,52.1514,-6.9861,62.65,75,75,17.27
20,Esna,EG,2022-05-16 15:57:15,25.2934,32.554,98.62,6,96,19.57
21,Saint-Philippe,RE,2022-05-16 15:57:16,-21.3585,55.7679,72.99,81,99,12.68
22,Camacari,BR,2022-05-16 15:57:16,-12.6975,-38.3242,82.17,74,98,4.63
23,Linjiang,CN,2022-05-16 15:57:17,41.8069,126.9078,41.52,96,9,2.17
24,Bambous Virieux,MU,2022-05-16 15:57:17,-20.3428,57.7575,77.25,69,40,13.8
25,Lebu,CL,2022-05-16 15:57:17,-37.6167,-73.65,60.39,47,7,1.12
26,Cape Town,ZA,2022-05-16 15:53:24,-33.9258,18.4232,86.41,26,0,9.22
27,Khatanga,RU,2022-05-16 15:57:18,71.9667,102.5,27.0,91,97,9.44
28,Rikitea,PF,2022-05-16 15:57:18,-23.1203,-134.9692,77.49,69,33,20.0
29,Kaitangata,NZ,2022-05-16 15:57:19,-46.2817,169.8464,51.93,78,61,4.36
30,Yellowknife,CA,2022-05-16 15:54:45,62.456,-114.3525,43.32,56,75,10.36
31,Jimani,DO,2022-05-16 15:57:19,18.4917,-71.8502,87.69,41,100,11.79
32,Valdivia,CL,2022-05-16 15:56:22,-39.8142,-73.2459,39.29,46,20,4.25
33,Sorong,ID,2022-05-16 15:57:20,-0.8833,131.25,80.04,81,77,2.08
34,Hobart,AU,2022-05-16 15:55:32,-42.8794,147.3294,46.26,88,75,10.36
35,Clyde River,CA,2022-05-16 15:57:20,70.4692,-68.5914,23.23,100,20,3.44
36,Winnemucca,US,2022-05-16 15:57:21,40.973,-117.7357,67.19,40,8,3.31
37,Puerto Escondido,MX,2022-05-16 15:57:21,15.85,-97.0667,88.79,55,16,5.26
38,Ust-Nera,RU,2022-05-16 15:57:21,64.5667,143.2,28.99,95,95,4.83
39,Norman Wells,CA,2022-05-16 15:57:22,65.282,-126.8329,37.44,81,20,9.22
40,Severo-Kurilsk,RU,2022-05-16 15:58:22,50.6789,156.125,35.38,97,90,10.83
41,Kenai,US,2022-05-16 15:58:23,60.5544,-151.2583,44.1,81,92,1.3
42,Kismayo,SO,2022-05-16 15:58:23,-0.3582,42.5454,80.08,80,8,15.28
43,Alyangula,AU,2022-05-16 15:58:24,-13.8483,136.4192,74.97,70,0,6.22
44,Prince Rupert,CA,2022-05-16 15:55:57,54.3161,-130.3201,44.29,81,75,26.46
45,Tefe,BR,2022-05-16 15:58:24,-3.3542,-64.7114,77.11,94,100,3.44
46,Teahupoo,PF,2022-05-16 15:58:24,-17.8333,-149.2667,75.16,74,35,17.49
47,Torbay,CA,2022-05-16 15:58:25,47.6666,-52.7314,51.28,67,75,10.36
48,Salalah,OM,2022-05-16 15:58:25,17.0151,54.0924,81.86,72,2,4.43
49,Arraial Do Cabo,BR,2022-05-16 15:58:26,-22.9661,-42.0278,78.76,73,0,11.5
50,Bluff,NZ,2022-05-16 15:58:26,-46.6,168.3333,56.8,84,98,16.42
51,Busselton,AU,2022-05-16 15:58:26,-33.65,115.3333,62.08,61,93,11.45
52,Ambon,ID,2022-05-16 15:58:27,-3.6954,128.1814,77.14,94,40,2.3
53,Punta Arenas,CL,2022-05-16 15:58:27,-53.15,-70.9167,39.22,100,0,2.3
54,Bjornevatn,NO,2022-05-16 15:58:28,69.6672,29.9847,38.82,75,75,16.11
55,Cortez,US,2022-05-16 15:54:09,37.3489,-108.5859,69.69,27,92,19.22
56,Ribeira Grande,PT,2022-05-16 15:58:28,38.5167,-28.7,61.2,67,40,23.02
57,Urumqi,CN,2022-05-16 15:56:02,43.801,87.6005,67.15,40,0,2.24
58,Cidreira,BR,2022-05-16 15:58:29,-30.1811,-50.2056,57.9,58,4,18.7
59,Anadyr,RU,2022-05-16 15:58:29,64.75,177.4833,36.1,64,0,11.18
60,Mahebourg,MU,2022-05-16 15:58:29,-20.4081,57.7,77.29,69,40,13.8
61,Whyalla,AU,2022-05-16 15:58:30,-33.0333,137.5833,56.37,71,2,9.84
62,Caravelas,BR,2022-05-16 15:58:30,-17.7125,-39.2481,82.09,74,66,6.04
63,San Cristobal,VE,2022-05-16 15:58:31,7.7669,-72.225,84.38,43,100,10.47
64,Castro,BR,2022-05-16 15:58:31,-24.7911,-50.0119,58.64,67,92,7.36
65,Vaini,TO,2022-05-16 15:58:32,-21.2,-175.2,71.76,68,20,5.75
66,Shingu,JP,2022-05-16 15:58:32,33.7333,135.9833,58.5,92,100,3.6
67,Dakar,SN,2022-05-16 15:55:19,14.6937,-17.4441,89.73,48,57,4.61
68,Gorzow Wielkopolski,PL,2022-05-16 15:57:52,52.7368,15.2288,68.86,40,96,7.25
69,Alofi,NU,2022-05-16 15:58:32,-19.0595,-169.9187,71.49,83,75,8.05
70,Narsaq,GL,2022-05-16 15:58:33,60.9167,-46.05,43.99,54,99,4.27
71,Ilulissat,GL,2022-05-16 15:58:33,69.2167,-51.1,27.97,70,6,3.06
72,Sovetskiy,RU,2022-05-16 15:58:34,61.3614,63.5842,53.33,62,35,2.73
73,Ginir,ET,2022-05-16 15:58:34,7.1333,40.7,63.27,67,43,10.8
74,Novyy Yegorlyk,RU,2022-05-16 15:58:34,46.3927,41.8716,58.66,70,42,9.86
75,Yulara,AU,2022-05-16 15:58:35,-25.2406,130.9889,60.17,43,76,12.37
76,Bathsheba,BB,2022-05-16 15:58:35,13.2167,-59.5167,86.61,70,20,20.71
77,Hermanus,ZA,2022-05-16 15:55:06,-34.4187,19.2345,72.81,42,31,2.33
78,Brae,GB,2022-05-16 15:58:36,60.3964,-1.353,49.5,68,12,20.76
79,Maldonado,UY,2022-05-16 15:58:36,-34.6667,-54.9167,56.59,82,97,21.56
80,Saint Anthony,US,2022-05-16 15:58:36,45.0205,-93.218,68.09,44,2,8.01
81,Esperance,AU,2022-05-16 15:56:10,-33.8667,121.9,55.99,73,0,14.56
82,Amga,RU,2022-05-16 15:58:37,60.8953,131.9608,32.43,95,98,3.0
83,New Norfolk,AU,2022-05-16 15:58:37,-42.7826,147.0587,45.9,78,58,7.96
84,Port Elizabeth,ZA,2022-05-16 15:58:38,-33.918,25.5701,74.1,74,0,4.61
85,Tiksi,RU,2022-05-16 15:58:38,71.6872,128.8694,18.77,95,100,12.75
86,Saint-Pierre,RE,2022-05-16 15:59:38,-21.3393,55.4781,73.08,78,100,11.5
87,Novouzensk,RU,2022-05-16 15:59:39,50.4592,48.1431,56.41,66,97,15.21
88,Mar Del Plata,AR,2022-05-16 15:55:22,-38.0023,-57.5575,53.94,79,75,17.27
89,Whitehorse,CA,2022-05-16 15:59:39,60.7161,-135.0538,38.17,77,100,3.44
90,Sura,RU,2022-05-16 15:59:40,53.8879,45.7419,49.8,89,100,13.06
91,North Platte,US,2022-05-16 15:59:40,41.1239,-100.7654,72.25,54,4,13.0
92,Thompson,CA,2022-05-16 15:59:40,55.7435,-97.8558,39.36,52,20,9.22
93,Carballo,ES,2022-05-16 15:59:41,43.213,-8.691,74.43,63,50,12.44
94,Luderitz,NA,2022-05-16 15:59:41,-26.6481,15.1594,73.54,32,1,2.04
95,Flinders,AU,2022-05-16 15:59:42,-34.5833,150.8552,58.17,72,11,4.0
96,Luau,AO,2022-05-16 15:59:42,-10.7073,22.2247,72.09,50,9,3.09
97,Pitimbu,BR,2022-05-16 15:59:42,-7.4706,-34.8086,86.59,74,36,12.1
98,Saravan,AM,2022-05-16 15:59:43,39.7196,45.6483,50.77,82,87,2.26
99,Buraydah,SA,2022-05-16 15:59:43,26.326,43.975,100.85,9,0,11.72
100,Grand Gaube,MU,2022-05-16 15:59:44,-20.0064,57.6608,77.4,69,51,7.0
101,The Valley,AI,2022-05-16 15:59:44,18.217,-63.0578,84.06,74,75,18.41
102,Souillac,MU,2022-05-16 15:59:45,-20.5167,57.5167,77.38,69,40,13.8
103,Hervey Bay,AU,2022-05-16 15:59:45,-25.2986,152.8535,71.02,96,3,4.0
104,Chuy,UY,2022-05-16 15:59:45,-33.6971,-53.4616,55.11,77,62,17.76
105,Soyo,AO,2022-05-16 15:59:46,-6.1349,12.3689,80.96,79,98,9.64
106,Cabo San Lucas,MX,2022-05-16 15:56:06,22.8909,-109.9124,88.61,53,98,5.01
107,Dasoguz,TM,2022-05-16 15:59:46,41.8363,59.9666,89.55,18,0,2.3
108,Berdigestyakh,RU,2022-05-16 15:59:47,62.0989,126.6992,33.06,99,100,4.81
109,Mangrol,IN,2022-05-16 15:59:47,21.1167,70.1167,84.07,71,4,13.47
110,Tuktoyaktuk,CA,2022-05-16 15:59:48,69.4541,-133.0374,30.2,93,100,11.5
111,Juegang,CN,2022-05-16 15:59:48,32.3174,121.1855,65.95,61,49,11.77
112,Zharkent,KZ,2022-05-16 15:59:48,44.1628,80.0,72.82,39,63,1.23
113,Faanui,PF,2022-05-16 15:59:49,-16.4833,-151.75,80.33,70,95,9.48
114,Lata,PT,2022-05-16 15:59:49,40.1629,-8.3327,66.81,64,79,8.12
115,Grindavik,IS,2022-05-16 15:59:50,63.8424,-22.4338,58.95,71,75,8.05
116,Codrington,AU,2022-05-16 15:59:50,-38.2667,141.9667,50.92,73,100,12.37
117,Sabha,LY,2022-05-16 15:59:51,27.0377,14.4283,89.33,10,23,9.33
118,Kapaa,US,2022-05-16 15:59:51,22.0752,-159.319,71.58,95,58,1.01
119,Roald,NO,2022-05-16 15:59:51,62.5833,6.1333,60.17,57,0,19.57
120,Sambava,MG,2022-05-16 15:59:52,-14.2667,50.1667,76.44,78,2,15.97
121,Trincomalee,LK,2022-05-16 15:59:52,8.5711,81.2335,82.71,77,100,23.51
122,Atuona,PF,2022-05-16 15:59:53,-9.8,-139.0333,78.06,72,3,16.42
123,Riyadh,SA,2022-05-16 15:59:53,24.6877,46.7219,100.54,6,0,9.28
124,Saint George,US,2022-05-16 15:59:49,37.1041,-113.5841,82.44,9,12,1.01
125,Milkovo,RU,2022-05-16 15:59:54,54.7167,158.6167,36.28,97,100,1.54
126,Baghdad,IQ,2022-05-16 15:55:55,33.3406,44.4009,85.91,26,1,9.22
127,Avarua,CK,2022-05-16 15:59:54,-21.2078,-159.775,75.25,78,75,0.0
128,Emerald,AU,2022-05-16 15:59:54,-23.5333,148.1667,71.35,81,98,11.16
129,Korla,CN,2022-05-16 15:59:55,41.7597,86.1469,73.94,30,100,10.71
130,Muzhi,RU,2022-05-16 16:00:55,65.3667,64.6667,52.07,68,90,5.7
131,North Bend,US,2022-05-16 16:00:23,43.4065,-124.2243,53.24,97,97,3.76
132,Hilo,US,2022-05-16 16:00:56,19.7297,-155.09,77.29,98,53,1.99
133,Keti Bandar,PK,2022-05-16 16:00:56,24.1447,67.4497,84.47,69,0,23.87
134,Nisia Floresta,BR,2022-05-16 16:00:57,-6.0911,-35.2086,83.21,71,58,11.43
135,East London,ZA,2022-05-16 16:00:39,-33.0153,27.9116,70.02,75,0,13.22
136,Herzogenburg,AT,2022-05-16 16:00:57,48.2905,15.7314,81.3,40,49,3.0
137,Hualmay,PE,2022-05-16 16:00:58,-11.0964,-77.6139,70.54,66,78,10.02
138,Launceston,AU,2022-05-16 16:00:58,-41.45,147.1667,48.79,83,9,11.5
139,Qaanaaq,GL,2022-05-16 16:00:58,77.484,-69.3632,23.67,74,35,5.64
140,Seara,PT,2022-05-16 16:00:59,41.1818,-7.8003,68.95,62,89,8.19
141,Bonavista,CA,2022-05-16 16:00:59,48.6499,-53.1147,39.81,78,98,8.46
142,Bud,US,2022-05-16 16:01:00,39.447,-86.1758,72.41,65,2,9.84
143,Floro,NO,2022-05-16 16:01:00,61.5996,5.0328,64.47,36,0,5.75
144,Kailua,US,2022-05-16 16:01:00,21.4022,-157.7394,71.49,91,56,1.01
145,Cockburn Town,TC,2022-05-16 16:01:01,21.4612,-71.1419,79.39,84,80,18.14
146,Fort Nelson,CA,2022-05-16 16:01:01,58.8053,-122.7002,46.85,75,100,8.16
147,Dingle,PH,2022-05-16 16:01:02,10.9995,122.6711,78.26,86,74,1.74
148,Kodiak,US,2022-05-16 16:01:02,57.79,-152.4072,41.99,66,29,5.82
149,Dajal,PK,2022-05-16 16:01:03,29.5577,70.3762,100.06,11,0,7.54
150,San-Pedro,CI,2022-05-16 16:01:03,4.7485,-6.6363,83.35,75,100,7.14
151,Pandan,PH,2022-05-16 16:01:04,14.0453,124.1694,79.56,86,88,6.6
152,Airai,TL,2022-05-16 16:01:04,-8.9266,125.4092,58.66,85,9,1.48
153,Bredasdorp,ZA,2022-05-16 16:01:04,-34.5322,20.0403,69.94,26,0,3.56
154,Victoria,HK,2022-05-16 16:00:38,22.2855,114.1577,70.32,80,99,8.01
155,Lavrentiya,RU,2022-05-16 16:01:05,65.5833,-171.0,18.12,85,68,5.97
156,Saltpond,GH,2022-05-16 16:01:05,5.2091,-1.0606,84.13,71,85,11.41
157,Shakawe,BW,2022-05-16 16:01:06,-18.3667,21.85,71.29,30,6,5.64
158,Gizo,SB,2022-05-16 16:01:06,-8.103,156.8419,82.13,71,7,2.82
159,Cap-Haitien,HT,2022-05-16 16:01:07,19.7578,-72.2042,81.66,66,100,10.49
160,Olafsvik,IS,2022-05-16 16:01:07,64.8945,-23.7142,50.27,73,88,7.74
161,Kiama,AU,2022-05-16 16:01:07,-34.6833,150.8667,60.01,71,13,1.99
162,La Palma,US,2022-05-16 15:58:03,33.8464,-118.0467,72.34,78,3,1.99
163,Ponta Do Sol,PT,2022-05-16 16:01:08,32.6667,-17.1,77.72,74,0,7.18
164,Jinchang,CN,2022-05-16 16:01:08,38.4953,102.1739,57.47,12,52,4.27
165,Babushkin,RU,2022-05-16 16:01:09,51.7122,105.8647,50.67,61,99,6.2
166,Lagoa,PT,2022-05-16 16:01:09,39.05,-27.9833,56.55,67,16,27.63
167,Bethel,US,2022-05-16 15:57:12,41.3712,-73.414,81.18,73,16,1.01
168,Puerto Ayora,EC,2022-05-16 16:01:10,-0.7393,-90.3518,76.55,89,68,9.19
169,Verkhnyaya Inta,RU,2022-05-16 16:01:10,65.9811,60.3094,37.31,97,100,11.01
170,Butaritari,KI,2022-05-16 16:01:11,3.0707,172.7902,81.91,71,97,16.46
171,Nikolskoye,RU,2022-05-16 16:01:11,59.7035,30.7861,50.79,82,100,8.7
172,Sorland,NO,2022-05-16 16:01:11,67.667,12.6934,39.06,62,94,16.87
173,Ilhabela,BR,2022-05-16 16:01:12,-23.7781,-45.3581,70.72,84,58,7.58
174,Bay Saint Louis,US,2022-05-16 15:59:47,30.3088,-89.33,86.02,70,75,8.14
175,Karratha,AU,2022-05-16 16:01:12,-20.7377,116.8463,74.1,76,99,7.74
176,Biak,ID,2022-05-16 16:01:13,-0.9131,122.8766,76.3,87,100,3.06
177,Melfi,IT,2022-05-16 16:01:13,40.9965,15.6514,71.49,71,91,1.52
178,Barrow,US,2022-05-16 16:01:13,71.2906,-156.7887,15.82,79,100,16.11
179,Bintulu,MY,2022-05-16 16:01:14,3.1667,113.0333,78.35,88,90,2.62
180,Maku,IR,2022-05-16 16:02:14,39.2911,44.4521,56.8,74,52,6.71
181,Hasaki,JP,2022-05-16 16:02:15,35.7333,140.8333,57.6,92,100,18.43
182,Xuanhua,CN,2022-05-16 16:02:15,40.6103,115.0447,64.94,19,58,5.08
183,Mitsamiouli,KM,2022-05-16 16:02:16,-11.3847,43.2844,80.51,72,54,12.1
184,Calvinia,ZA,2022-05-16 16:02:16,-31.4707,19.776,70.2,17,0,8.05
185,Mikropolis,GR,2022-05-16 16:02:16,41.1935,23.8157,76.3,64,7,3.65
186,Tasiilaq,GL,2022-05-16 16:02:17,65.6145,-37.6368,35.76,98,100,10.04
187,Nogliki,RU,2022-05-16 16:02:17,51.8333,143.1667,33.12,95,98,5.75
188,Yumen,CN,2022-05-16 16:02:18,40.2833,97.2,59.36,8,79,8.61
189,Dikson,RU,2022-05-16 16:02:18,73.5069,80.5464,33.49,99,100,6.91
190,Faya,SA,2022-05-16 16:02:18,18.3851,42.4509,74.93,11,3,8.05
191,Kudahuvadhoo,MV,2022-05-16 16:02:19,2.6708,72.8944,83.73,80,95,17.72
192,Maceio,BR,2022-05-16 16:00:23,-9.6658,-35.7353,85.44,65,40,9.22
193,Alto Araguaia,BR,2022-05-16 16:02:19,-17.3147,-53.2153,71.26,76,97,5.26
194,Saint-Francois,FR,2022-05-16 16:02:20,46.4154,3.9054,78.24,47,0,6.91
195,Sabang,ID,2022-05-16 16:02:20,5.8933,95.3214,83.5,73,100,8.59
196,Nemuro,JP,2022-05-16 16:02:21,43.3236,145.575,43.38,87,99,12.73
197,Kahului,US,2022-05-16 16:02:21,20.8947,-156.47,71.83,83,41,3.0
198,Carnarvon,AU,2022-05-16 16:02:21,-24.8667,113.6333,71.24,54,0,10.42
199,Saskylakh,RU,2022-05-16 16:02:22,71.9167,114.0833,26.74,90,100,7.38
200,Asau,RO,2022-05-16 16:02:22,46.4333,26.4,70.72,78,100,2.93
201,Tanout,NE,2022-05-16 16:02:23,14.9709,8.8879,99.01,8,0,16.82
202,Agadir,MA,2022-05-16 16:00:26,30.4202,-9.5982,77.45,56,0,9.71
203,Sitka,US,2022-05-16 16:02:23,57.0531,-135.33,40.53,91,100,2.86
204,Beira,MZ,2022-05-16 16:02:24,-19.8436,34.8389,75.29,78,75,9.22
205,Fairbanks,US,2022-05-16 15:58:17,64.8378,-147.7164,37.31,91,100,1.32
206,Batticaloa,LK,2022-05-16 16:02:24,7.7102,81.6924,84.38,70,100,4.5
207,Bengkulu,ID,2022-05-16 16:02:24,-3.8004,102.2655,78.48,88,100,3.44
208,Endicott,US,2022-05-16 15:59:13,42.0984,-76.0494,74.35,75,71,5.01
209,Kavieng,PG,2022-05-16 16:02:25,-2.5744,150.7967,81.12,76,64,7.99
210,Preobrazheniye,RU,2022-05-16 16:02:25,42.9019,133.9064,47.05,82,79,1.25
211,Mount Gambier,AU,2022-05-16 16:02:26,-37.8333,140.7667,51.46,64,100,10.76
212,Lipova,RO,2022-05-16 16:02:26,46.0833,21.7,80.24,57,29,5.82
213,Broome,US,2022-05-16 16:02:27,42.2506,-75.833,74.46,73,75,11.01
214,Notre-Dame-Du-Lac,CA,2022-05-16 16:02:27,47.6136,-68.7964,61.88,82,100,1.7
215,Huangnihe,CN,2022-05-16 16:02:27,43.5583,128.0239,41.94,75,26,3.98
216,Srednekolymsk,RU,2022-05-16 16:02:28,67.45,153.6833,32.32,99,99,5.3
217,Nishihara,JP,2022-05-16 16:02:28,26.1842,127.7558,64.06,94,100,10.36
218,Arethousa,GR,2022-05-16 16:02:29,40.7435,23.5898,76.66,74,4,3.47
219,Los Llanos De Aridane,ES,2022-05-16 16:02:29,28.6585,-17.9182,70.12,72,40,8.01
220,Kungurtug,RU,2022-05-16 16:02:29,50.5994,97.5228,54.95,48,100,2.15
221,Totolapa,MX,2022-05-16 16:02:30,18.5167,-96.1833,89.78,44,9,1.25
222,Dongsheng,CN,2022-05-16 16:02:30,39.8161,109.9776,58.17,13,57,13.42
223,Agirish,RU,2022-05-16 16:02:31,61.9247,63.0231,52.93,61,54,3.09
224,Vila Velha,BR,2022-05-16 16:00:19,-20.3297,-40.2925,76.95,74,97,4.56
225,San Rafael,AR,2022-05-16 15:58:44,-34.6177,-68.3301,52.75,35,0,4.9
226,Husavik,IS,2022-05-16 16:03:31,66.0449,-17.3389,56.91,56,80,11.74
227,Tura,IN,2022-05-16 16:03:32,25.5198,90.2201,72.73,97,93,5.3
228,Zhigalovo,RU,2022-05-16 16:03:32,54.8097,105.1578,55.8,53,100,4.85
229,Constitucion,CL,2022-05-16 16:03:32,-35.3333,-72.4167,61.83,51,3,3.11
230,Natal,BR,2022-05-16 16:01:10,-5.795,-35.2094,83.05,89,40,14.97
231,Nanortalik,GL,2022-05-16 16:03:33,60.1432,-45.2371,37.38,75,100,7.09
232,Namibe,AO,2022-05-16 16:03:33,-15.1961,12.1522,75.24,61,0,13.67
233,Asyut,EG,2022-05-16 16:01:09,27.181,31.1837,86.05,16,100,19.8
234,Virginia Beach,US,2022-05-16 16:02:26,36.8529,-75.978,86.05,65,4,11.48
235,Barra Da Estiva,BR,2022-05-16 16:03:34,-13.6261,-41.3269,80.22,48,100,1.66
236,Coquimbo,CL,2022-05-16 16:03:34,-29.9533,-71.3436,59.61,73,49,4.43
237,Ukiah,US,2022-05-16 16:03:34,39.1502,-123.2078,63.05,75,0,5.75
238,Santo Tomas,PH,2022-05-16 16:03:35,14.1079,121.1414,77.56,91,100,1.86
239,Kirakira,SB,2022-05-16 16:03:35,-10.4544,161.9205,78.39,84,100,4.65
240,Katsuura,JP,2022-05-16 16:03:35,35.1333,140.3,58.32,95,100,13.13
241,Vitry-Le-Francois,FR,2022-05-16 16:00:05,48.7333,4.5833,76.06,61,48,6.04
242,Kjollefjord,NO,2022-05-16 16:03:36,70.9457,27.3465,37.22,75,75,14.97
243,Libertador General San Martin,AR,2022-05-16 16:03:36,-23.8064,-64.7876,54.97,69,98,3.87
244,Tiquicheo,MX,2022-05-16 16:03:37,18.8833,-100.7333,92.84,23,33,3.33
245,Turukhansk,RU,2022-05-16 16:03:37,65.8167,87.9833,50.2,78,100,8.21
246,Anderson,US,2022-05-16 16:02:18,34.5334,-82.6499,85.24,64,0,10.36
247,Corumba,BR,2022-05-16 16:03:38,-19.0092,-57.6533,66.29,58,100,7.67
248,Roros,NO,2022-05-16 16:03:38,62.5747,11.3842,37.67,66,25,12.17
249,Monte Alegre,BR,2022-05-16 16:03:39,-2.0078,-54.0692,85.15,67,100,5.95
250,Bakchar,RU,2022-05-16 16:03:39,57.0186,82.0711,58.75,77,100,7.34
251,Fortuna,US,2022-05-16 16:03:39,40.5982,-124.1573,55.85,95,75,11.5
252,Road Town,VG,2022-05-16 16:00:21,18.4167,-64.6167,86.04,62,40,12.66
253,Loding,NO,2022-05-16 16:03:40,67.3,14.75,41.54,70,75,12.66
254,Ostrovnoy,RU,2022-05-16 16:03:40,68.0531,39.5131,37.08,83,100,16.49
255,Kamaishi,JP,2022-05-16 16:03:41,39.2667,141.8833,50.05,94,94,7.92
256,Glogow,PL,2022-05-16 16:03:41,51.6636,16.0845,72.05,52,43,8.63
257,Derzhavinsk,KZ,2022-05-16 16:03:42,51.1,66.3167,65.17,53,68,13.18
258,Boguchany,RU,2022-05-16 16:03:42,58.3814,97.4531,54.0,93,31,4.85
259,Salvador,SV,2022-05-16 16:03:42,13.8333,-88.9167,88.05,36,82,3.58
260,Sinolon,PH,2022-05-16 16:03:43,6.2439,124.8144,73.69,89,83,1.68
261,Neuquen,AR,2022-05-16 16:00:46,-38.9516,-68.0591,51.3,46,0,5.03
262,Opuwo,NA,2022-05-16 16:03:43,-18.0607,13.84,80.71,24,38,11.41
263,Benghazi,LY,2022-05-16 16:00:29,32.1167,20.0667,74.03,40,0,8.63
264,Kapit,MY,2022-05-16 16:03:44,2.0167,112.9333,74.61,99,99,0.16
265,Bereda,ES,2022-05-16 16:03:44,43.2686,-7.5406,77.41,45,31,9.51
266,Zhanaozen,KZ,2022-05-16 16:04:44,43.3,52.8,66.34,60,100,29.28
267,Kapoeta,SS,2022-05-16 16:04:45,4.7717,33.5903,87.89,33,56,12.39
268,Hastings,GB,2022-05-16 16:04:28,50.8552,0.5729,69.13,83,18,14.47
269,Vardo,NO,2022-05-16 16:04:45,70.3705,31.1107,39.18,75,75,25.32
270,Boa Vista,BR,2022-05-16 16:04:46,2.8197,-60.6733,84.18,74,75,9.22
271,Hefei,CN,2022-05-16 16:04:46,31.8639,117.2808,65.41,54,0,7.96
272,Hays,US,2022-05-16 16:04:47,30.0502,-98.0336,86.27,60,33,1.99
273,Broken Hill,AU,2022-05-16 16:04:47,-31.95,141.4333,53.13,63,0,6.73
274,Algiers,DZ,2022-05-16 16:01:48,36.7525,3.042,71.42,64,0,6.91
275,Ishigaki,JP,2022-05-16 16:04:47,24.3448,124.1572,70.36,87,100,24.56
276,Diffa,NE,2022-05-16 16:04:48,13.3154,12.6113,99.97,13,4,13.87
277,Eydhafushi,MV,2022-05-16 16:04:48,5.1033,73.0708,83.34,80,100,23.4
278,Koutsouras,GR,2022-05-16 16:04:49,35.0339,25.9469,74.1,61,0,5.59
279,Leningradskiy,RU,2022-05-16 16:04:49,69.3833,178.4167,14.5,94,68,7.74
280,Redwater,US,2022-05-16 16:04:49,33.3582,-94.2544,82.9,73,98,6.55
281,Marienburg,PL,2022-05-16 16:01:08,54.0359,19.0266,61.57,70,100,12.12
282,San Policarpo,PH,2022-05-16 16:04:50,12.1791,125.5072,81.25,85,100,9.86
283,Asosa,ET,2022-05-16 16:04:50,10.0667,34.5333,64.29,87,55,3.42
284,Ulaangom,MN,2022-05-16 16:04:51,49.9811,92.0667,63.39,40,100,13.6
285,La Ronge,CA,2022-05-16 16:04:51,55.1001,-105.2842,35.83,83,100,6.49
286,Muscat,OM,2022-05-16 16:00:40,23.6139,58.5922,90.73,31,0,5.12
287,Matamoros,MX,2022-05-16 16:04:23,25.5333,-103.25,84.31,23,0,9.22
288,Novaya Igirma,RU,2022-05-16 16:04:52,57.1334,103.9112,57.31,73,100,7.67
289,Palauig,PH,2022-05-16 16:04:52,15.435,119.9045,81.12,80,99,4.36
290,Kunming,CN,2022-05-16 16:04:53,25.0389,102.7183,55.18,82,100,3.71
291,Saint-Joseph,RE,2022-05-16 16:04:53,-21.3667,55.6167,71.98,81,90,13.69
292,Rengo,CL,2022-05-16 16:04:53,-34.4167,-70.8667,62.92,22,1,3.27
293,Wolverhampton,GB,2022-05-16 16:02:57,52.5855,-2.123,67.44,68,74,1.01
294,Opelika,US,2022-05-16 16:04:54,32.6454,-85.3783,82.76,60,0,5.75
295,Bubaque,GW,2022-05-16 16:04:54,11.2833,-15.8333,79.7,82,51,10.42
296,Kajaani,FI,2022-05-16 16:04:55,64.2273,27.7285,44.65,76,100,8.05
297,Beloha,MG,2022-05-16 16:04:55,-25.1667,45.05,69.31,78,36,16.2
298,Bay Roberts,CA,2022-05-16 16:04:56,47.5999,-53.2648,52.66,68,80,8.99
299,Palana,RU,2022-05-16 16:04:56,59.1167,159.9667,33.37,87,100,6.24
300,Sao Filipe,CV,2022-05-16 16:04:56,14.8961,-24.4956,79.88,59,58,8.1
301,Pacific Grove,US,2022-05-16 16:04:57,36.6177,-121.9166,60.21,87,100,11.99
302,Slave Lake,CA,2022-05-16 16:04:14,55.2834,-114.769,51.78,50,100,12.66
303,Wagar,SD,2022-05-16 16:04:57,16.1525,36.2032,102.33,16,0,8.19
304,Upernavik,GL,2022-05-16 16:04:58,72.7868,-56.1549,19.24,78,63,8.81
305,Atikokan,CA,2022-05-16 16:04:58,48.7555,-91.6216,42.1,70,100,10.38
306,Port Lincoln,AU,2022-05-16 16:04:59,-34.7333,135.8667,57.7,67,96,8.99
307,Provideniya,RU,2022-05-16 16:04:59,64.3833,-173.3,30.36,79,12,5.21
308,Steinbach,DE,2022-05-16 16:00:27,50.1667,8.5667,72.88,66,40,14.97
309,Pisco,PE,2022-05-16 16:04:59,-13.7,-76.2167,68.02,82,14,5.75
310,Uptar,RU,2022-05-16 16:05:00,59.75,150.9167,32.7,89,100,15.17
311,Barra Do Bugres,BR,2022-05-16 16:05:00,-15.0725,-57.1811,74.07,70,100,7.76
312,Talnakh,RU,2022-05-16 16:06:01,69.4865,88.3972,40.93,88,100,7.76
313,Aasiaat,GL,2022-05-16 16:06:01,68.7098,-52.8699,27.88,73,26,5.44
314,Avera,US,2022-05-16 16:06:01,33.194,-82.5271,86.38,46,3,9.01
315,Nizwa,OM,2022-05-16 16:06:02,22.9333,57.5333,90.59,11,0,2.95
316,Iqaluit,CA,2022-05-16 16:06:02,63.7506,-68.5145,25.7,79,100,11.99
317,Luganville,VU,2022-05-16 16:06:03,-15.5333,167.1667,77.54,82,89,9.48
318,Port Blair,IN,2022-05-16 16:06:03,11.6667,92.75,81.3,84,100,13.8
319,Ketchikan,US,2022-05-16 16:06:04,55.3422,-131.6461,39.18,78,67,8.01
320,Camocim,BR,2022-05-16 16:06:04,-2.9022,-40.8411,86.61,64,30,10.76
321,Westerly,US,2022-05-16 16:06:04,41.3776,-71.8273,82.74,77,100,8.05
322,Amahai,ID,2022-05-16 16:06:05,-3.3333,128.9167,79.21,86,59,2.24
323,Santa Fe,AR,2022-05-16 16:06:05,-31.6333,-60.7,60.03,65,9,11.01
324,Pevek,RU,2022-05-16 16:06:06,69.7008,170.3133,26.06,81,100,3.78
325,Hirado,JP,2022-05-16 16:06:06,33.3597,129.5531,56.39,52,100,5.93
326,Lichuan,CN,2022-05-16 16:06:06,30.3,108.85,49.26,86,97,2.42
327,Bossier City,US,2022-05-16 16:04:18,32.516,-93.7321,84.69,67,0,6.91
328,Kutum,SD,2022-05-16 16:06:07,14.2,24.6667,90.36,15,30,13.13
329,Gimbi,ET,2022-05-16 16:06:07,9.1667,35.8333,62.04,77,39,6.11
330,Kruisfontein,ZA,2022-05-16 16:06:08,-34.0033,24.7314,70.88,31,0,4.56
331,Arroyo,ES,2022-05-16 16:04:53,41.6096,-4.7969,79.14,33,0,12.66
332,Chicama,PE,2022-05-16 16:06:08,-7.8447,-79.1469,63.14,62,60,7.9
333,Taoudenni,ML,2022-05-16 16:06:09,22.6783,-3.9836,108.45,5,0,16.08
334,Nizhniy Tsasuchey,RU,2022-05-16 16:06:09,50.5167,115.1333,53.96,31,27,8.5
335,Islamkot,PK,2022-05-16 16:06:10,24.6997,70.177,85.5,51,0,20.4
336,La Sarre,CA,2022-05-16 16:06:10,48.8002,-79.1996,60.8,46,100,4.5
337,Calvia,ES,2022-05-16 16:03:25,39.5657,2.5062,82.08,57,100,2.77
338,Vestmannaeyjar,IS,2022-05-16 16:06:11,63.4427,-20.2734,50.99,81,40,27.63
339,Bidar,IN,2022-05-16 16:06:11,17.9,77.55,93.4,31,94,6.55
340,Holme,DK,2022-05-16 16:06:11,56.1138,10.1725,58.17,63,100,8.41
341,Sao Joao Da Barra,BR,2022-05-16 16:06:12,-21.6403,-41.0511,82.49,60,100,6.44
342,Porto Velho,BR,2022-05-16 16:04:42,-8.7619,-63.9039,77.05,88,75,6.91
343,Kuusamo,FI,2022-05-16 16:06:12,65.9667,29.1833,41.04,87,100,8.05
344,Port-Gentil,GA,2022-05-16 16:06:13,-0.7193,8.7815,84.16,84,40,10.36
345,Mondlo,ZA,2022-05-16 16:01:17,-27.983,30.7177,56.26,76,30,5.46
346,Niteroi,BR,2022-05-16 16:06:13,-22.8833,-43.1036,79.2,72,75,6.91
347,Taltal,CL,2022-05-16 16:06:13,-25.4,-70.4833,64.71,68,100,7.85
348,Tulun,RU,2022-05-16 16:06:14,54.5611,100.5792,58.5,71,100,11.12
349,Marsh Harbour,BS,2022-05-16 16:05:38,26.5412,-77.0636,78.13,75,100,6.29
350,Ayan,RU,2022-05-16 16:06:14,56.45,138.1667,32.02,97,98,8.9
351,Koutiala,ML,2022-05-16 16:06:15,12.3917,-5.4642,102.49,20,80,7.29
352,Manga,BF,2022-05-16 16:06:15,11.6636,-1.0731,101.86,23,79,6.42
353,Wangaratta,AU,2022-05-16 16:06:16,-36.3667,146.3333,48.16,93,25,2.33
354,Haines Junction,CA,2022-05-16 16:06:16,60.7522,-137.5108,38.8,70,100,3.49
355,Lalmohan,BD,2022-05-16 16:01:45,22.3384,90.7419,84.29,83,89,16.71
356,Hithadhoo,MV,2022-05-16 16:06:16,-0.6,73.0833,83.57,76,74,14.54
357,Port Augusta,AU,2022-05-16 16:06:17,-32.5,137.7667,54.25,75,0,5.19
358,Lisakovsk,KZ,2022-05-16 16:06:17,52.5369,62.4936,57.97,59,42,15.82
359,Macau,MO,2022-05-16 16:06:18,22.2006,113.5461,71.33,73,20,13.8
360,Saidpur,BD,2022-05-16 16:06:18,25.7777,88.8917,76.51,94,80,8.99
361,Villa Bruzual,VE,2022-05-16 16:07:19,9.3328,-69.1208,87.87,55,100,2.75
362,Okhotsk,RU,2022-05-16 16:07:19,59.3833,143.3,32.79,98,100,25.61
363,Bafq,IR,2022-05-16 16:07:20,31.6128,55.4107,87.58,9,0,2.77
364,Kalengwa,ZM,2022-05-16 16:07:20,-13.4659,25.0027,68.41,52,33,4.59
365,Portland,US,2022-05-16 16:05:03,45.5234,-122.6762,59.77,74,75,7.0
366,Saldanha,ZA,2022-05-16 16:07:20,-33.0117,17.9442,68.95,46,34,10.11
367,Maralal,KE,2022-05-16 16:07:21,1.0968,36.698,67.8,47,84,10.2
368,Dharchula,IN,2022-05-16 16:07:21,29.85,80.5333,72.16,54,96,7.7
369,Touros,BR,2022-05-16 16:07:22,-5.1989,-35.4608,85.06,70,87,14.14
370,Westport,US,2022-05-16 16:07:22,41.1415,-73.3579,81.45,84,37,4.0
371,Pinyug,RU,2022-05-16 16:07:23,60.251,47.7842,51.06,83,56,4.85
372,Baijiantan,CN,2022-05-16 16:07:23,45.6333,85.1833,71.55,41,3,7.56
373,Arinos,BR,2022-05-16 16:07:23,-15.9169,-46.1056,88.21,40,51,1.61
374,Hay River,CA,2022-05-16 16:07:24,60.8156,-115.7999,45.3,63,56,10.33
375,Kabo,CF,2022-05-16 16:07:24,7.6994,18.629,94.6,32,76,1.54
376,Bowen,AU,2022-05-16 16:07:25,-20.0167,148.2333,72.36,84,7,3.29
377,Mountain Home,US,2022-05-16 16:04:25,43.133,-115.6912,68.18,54,70,13.29
378,Uruzgan,AF,2022-05-16 16:07:25,32.8333,66.0,76.5,15,0,3.74
379,Poum,NC,2022-05-16 16:07:26,-20.2333,164.0167,76.41,77,34,15.61
380,Ahipara,NZ,2022-05-16 16:07:26,-35.1667,173.1667,63.57,95,47,6.87
381,Verkh-Usugli,RU,2022-05-16 16:07:26,52.7,115.1667,44.73,54,50,4.65
382,Dunedin,NZ,2022-05-16 16:07:27,-45.8742,170.5036,57.79,61,55,4.0
383,Eureka,US,2022-05-16 16:07:19,40.8021,-124.1637,58.68,84,100,8.99
384,Verkhnevilyuysk,RU,2022-05-16 16:07:27,63.4453,120.3167,37.62,67,94,2.21
385,Jackson,US,2022-05-16 16:07:28,42.4165,-122.8345,55.15,74,100,3.44
386,Dzerzhinskoye,RU,2022-05-16 16:07:28,56.8344,95.2283,58.69,65,59,3.8
387,Porosozero,RU,2022-05-16 16:07:29,62.7191,32.727,36.79,92,100,8.34
388,Vao,NC,2022-05-16 16:07:29,-22.6667,167.4833,74.12,76,16,17.11
389,Shalya,RU,2022-05-16 16:07:29,57.2471,58.7298,49.35,87,100,4.14
390,Belmonte,BR,2022-05-16 16:07:30,-15.8631,-38.8828,78.37,84,86,4.18
391,Dwarka,IN,2022-05-16 16:07:30,22.2394,68.9678,83.35,75,0,17.72
392,Tallahassee,US,2022-05-16 16:04:23,30.4383,-84.2807,86.32,61,40,9.22
393,Mingshui,CN,2022-05-16 16:07:30,36.7167,117.5,65.64,20,0,7.05
394,Marzuq,YE,2022-05-16 16:07:31,14.4,46.4667,78.46,8,0,4.29
395,Teguise,ES,2022-05-16 16:07:31,29.0605,-13.564,73.62,53,20,11.5
396,Vicuna,CL,2022-05-16 16:07:31,-30.0319,-70.7081,84.78,21,0,5.86
397,Grand Baie,MU,2022-05-16 16:07:32,-20.0182,57.5802,76.44,69,30,5.99
398,Walvis Bay,NA,2022-05-16 16:07:32,-22.9575,14.5053,72.64,42,0,8.59
399,Calabar,NG,2022-05-16 16:07:33,4.9517,8.322,84.27,77,91,5.84
400,Santiago De Cao,PE,2022-05-16 16:07:33,-7.9589,-79.2392,64.53,88,70,11.5
401,Ganzhou,CN,2022-05-16 16:07:34,28.8184,115.4327,61.56,82,43,3.47
402,Laguna,US,2022-05-16 16:04:57,38.421,-121.4238,66.29,70,0,9.22
403,Havelock,US,2022-05-16 16:07:34,34.8791,-76.9013,84.16,81,1,8.01
404,Petropavlovsk-Kamchatskiy,RU,2022-05-16 16:07:34,53.0452,158.6483,32.67,99,100,3.18
405,Santa Cecilia,BR,2022-05-16 16:07:35,-26.9608,-50.4269,52.59,54,66,8.81
406,Bermeo,ES,2022-05-16 16:07:35,43.4209,-2.7215,86.47,61,68,5.7
407,Oga,IT,2022-05-16 16:07:36,46.4631,10.347,56.8,84,98,3.51
408,Fort Saint James,CA,2022-05-16 16:08:36,54.4333,-124.25,47.43,84,99,6.42
409,Evensk,RU,2022-05-16 16:08:36,61.95,159.2333,35.47,96,100,5.01
410,Cayenne,GF,2022-05-16 16:08:37,4.9333,-52.3333,80.1,1,100,6.91
411,Cherskiy,RU,2022-05-16 16:08:37,68.75,161.3,34.03,89,100,9.04
412,Polunochnoye,RU,2022-05-16 16:08:38,60.8697,60.4153,53.2,63,77,2.91
413,Ous,RU,2022-05-16 16:08:38,60.9058,61.5186,53.6,58,70,3.33
414,Zarubino,RU,2022-05-16 16:08:38,42.63,131.0922,46.62,93,73,5.77
415,Nuuk,GL,2022-05-16 16:04:55,64.1835,-51.7216,36.21,64,0,10.36
416,Coihaique,CL,2022-05-16 16:08:39,-45.5752,-72.0662,39.81,75,0,6.91
417,Timbiqui,CO,2022-05-16 16:08:39,2.7717,-77.6654,82.56,81,95,4.29
418,Brawley,US,2022-05-16 16:08:40,32.9787,-115.5303,91.65,11,0,6.91
419,Si Sa Ket,TH,2022-05-16 16:08:40,14.8333,104.3333,81.21,88,100,0.83
420,Colesberg,ZA,2022-05-16 16:08:40,-30.72,25.0972,62.56,45,0,6.73
421,Kalabo,ZM,2022-05-16 16:08:41,-14.97,22.6814,68.25,43,1,4.18
422,Ha Giang,VN,2022-05-16 16:08:41,22.8333,104.9833,67.41,85,88,0.07
423,Tilichiki,RU,2022-05-16 16:08:42,60.4667,166.1,32.56,98,100,3.98
424,Inongo,CD,2022-05-16 16:08:42,-1.95,18.2667,78.85,76,65,2.75
425,Doctor Arroyo,MX,2022-05-16 16:08:43,23.6667,-100.1833,74.93,33,0,5.01
426,Adrar,MR,2022-05-16 16:08:43,20.5022,-10.0711,106.43,6,6,17.38
427,Gagra,GE,2022-05-16 16:08:43,43.3283,40.2239,61.72,83,44,1.52
428,Irbil,IQ,2022-05-16 16:05:01,36.1926,44.0106,78.62,27,40,4.61
429,Meulaboh,ID,2022-05-16 16:08:44,4.1363,96.1285,79.38,84,100,2.26
430,Rio De Janeiro,BR,2022-05-16 16:08:27,-22.9028,-43.2075,79.54,72,75,6.91
431,Kimberley,ZA,2022-05-16 16:08:44,-28.7323,24.7623,67.01,33,2,6.96
432,Tumut,AU,2022-05-16 16:08:45,-35.3,148.2167,48.61,90,75,4.12
433,Gerash,IR,2022-05-16 16:08:45,27.6652,54.1371,87.22,9,0,7.31
434,Vanimo,PG,2022-05-16 16:08:45,-2.6741,141.3028,79.32,85,60,3.67
435,Nachingwea,TZ,2022-05-16 16:08:46,-10.3833,38.7667,73.98,58,56,3.29
436,Nome,US,2022-05-16 16:08:46,64.5011,-165.4064,35.67,69,75,8.05
437,Aromashevo,RU,2022-05-16 16:08:46,56.8602,68.6375,55.06,84,61,7.05
438,Isangel,VU,2022-05-16 16:08:47,-19.55,169.2667,75.79,81,78,16.02
439,West Wendover,US,2022-05-16 16:08:47,40.7391,-114.0733,76.21,20,0,12.66
440,Buciumeni,RO,2022-05-16 16:08:48,45.15,25.45,63.39,83,72,3.98
441,Santa Rosa,PH,2022-05-16 16:08:48,14.3122,121.1114,80.58,85,100,4.27
442,Castrolibero,IT,2022-05-16 16:08:49,39.3081,16.1944,63.99,49,53,4.21
443,Las Margaritas,MX,2022-05-16 16:08:49,16.3167,-91.9833,78.62,35,9,4.94
444,Novyy Urengoy,RU,2022-05-16 16:08:50,66.0833,76.6333,49.64,77,98,7.78
445,Lyubech,UA,2022-05-16 16:08:50,51.7026,30.6569,55.17,53,65,10.89
446,Moron,AR,2022-05-16 16:08:50,-34.6534,-58.6198,58.69,64,75,20.71
447,Semirom,IR,2022-05-16 16:08:51,31.4167,51.5667,64.65,25,2,9.1
448,Palembang,ID,2022-05-16 16:08:51,-2.9167,104.7458,75.29,100,75,2.3
449,Snasa,NO,2022-05-16 16:08:52,64.2457,12.3778,44.01,59,90,13.0
450,Amarpatan,IN,2022-05-16 16:08:52,24.3167,80.9833,98.06,14,4,5.5
451,Tual,ID,2022-05-16 16:08:53,-5.6667,132.75,83.68,73,33,9.93
452,Petrolina,BR,2022-05-16 16:07:31,-9.3986,-40.5008,91.45,49,20,8.05
453,Macin,RO,2022-05-16 16:09:53,45.2437,28.1356,73.69,62,52,12.17
454,Yar-Sale,RU,2022-05-16 16:09:54,66.8333,70.8333,37.67,99,80,4.05
455,San Mateo Del Mar,MX,2022-05-16 16:09:54,16.2,-95.0,87.66,51,5,20.8
456,Tommot,RU,2022-05-16 16:09:54,58.9564,126.2925,26.69,99,95,2.46
457,Mayo,US,2022-05-16 16:09:55,38.8876,-76.5119,72.95,93,100,5.75
458,Washougal,US,2022-05-16 16:09:55,45.5826,-122.3534,59.59,79,100,8.05
459,San Patricio,US,2022-05-16 16:09:56,28.017,-97.5169,87.67,41,4,11.23
460,Krasnaya Gora,RU,2022-05-16 16:09:56,52.9995,31.6023,52.02,58,90,13.13
461,Sao Felix Do Xingu,BR,2022-05-16 16:09:56,-6.6447,-51.995,83.68,75,100,2.86
462,Copiapo,CL,2022-05-16 16:09:57,-27.3667,-70.3333,58.69,29,3,5.73
463,Soe,ID,2022-05-16 16:09:57,-9.8607,124.284,63.68,89,3,4.07
464,Port Keats,AU,2022-05-16 16:09:58,-14.25,129.55,76.08,81,1,2.68
465,Kodinar,IN,2022-05-16 16:09:58,20.7903,70.7031,83.61,73,2,13.76
466,Belford Roxo,BR,2022-05-16 16:09:59,-22.7642,-43.3994,79.29,73,75,5.75
467,Hammerfest,NO,2022-05-16 16:09:59,70.6634,23.6821,36.05,75,75,3.44
468,Paita,PE,2022-05-16 16:09:59,-5.0892,-81.1144,72.39,69,65,8.81
469,Cumnock,GB,2022-05-16 16:05:33,55.4544,-4.2664,54.28,95,100,6.22
470,Jijiga,ET,2022-05-16 16:10:00,9.35,42.8,71.46,50,41,11.56
471,Babol,IR,2022-05-16 16:10:00,36.5513,52.679,67.46,68,89,21.94
472,Naantali,FI,2022-05-16 16:10:01,60.4674,22.0243,54.32,43,0,11.5
473,Kununurra,AU,2022-05-16 16:10:01,-15.7667,128.7333,71.58,88,0,0.0
474,Aljezur,PT,2022-05-16 16:10:02,37.3191,-8.8033,71.17,62,3,9.42
475,Mujiayingzi,CN,2022-05-16 16:10:02,42.1167,118.7833,55.71,26,88,3.33
476,Tiznit,MA,2022-05-16 16:10:03,29.5833,-9.5,74.39,42,0,9.71
477,Yeniseysk,RU,2022-05-16 16:10:03,58.4497,92.1703,56.37,61,12,2.39
478,Helong,CN,2022-05-16 16:10:03,42.5397,128.9972,41.88,86,1,5.68
479,Bielsk Podlaski,PL,2022-05-16 16:10:04,52.7651,23.1865,59.34,57,55,5.08
480,Sirjan,IR,2022-05-16 16:10:04,29.452,55.6814,78.87,9,0,11.45
481,Panaba,MX,2022-05-16 16:10:05,21.2833,-88.2667,89.94,36,0,6.55
482,Gat,IL,2022-05-16 16:10:05,31.61,34.7642,73.4,17,100,7.11
483,Mizan Teferi,ET,2022-05-16 16:10:05,6.9833,35.5833,62.62,95,40,2.01
484,Luwuk,ID,2022-05-16 16:10:06,-0.9516,122.7875,77.77,88,100,2.44
485,Kawalu,ID,2022-05-16 16:10:06,-7.3817,108.2082,74.17,97,89,0.94
486,Baruun-Urt,MN,2022-05-16 16:10:06,46.6806,113.2792,54.84,30,99,2.93
487,Payo,ID,2022-05-16 16:10:07,-3.7508,103.6372,73.69,99,100,2.64
488,Longyearbyen,SJ,2022-05-16 16:10:07,78.2186,15.6401,30.04,86,75,8.05
489,Nara,JP,2022-05-16 16:05:58,34.6851,135.8049,63.5,61,100,2.15
490,Ishnya,RU,2022-05-16 16:10:08,57.1907,39.36,43.32,93,100,13.8
491,Masuguru,TZ,2022-05-16 16:10:08,-11.3667,38.4167,73.45,55,11,2.75
492,Coruripe,BR,2022-05-16 16:10:09,-10.1256,-36.1756,82.89,74,40,8.84
493,Shitanjing,CN,2022-05-16 16:10:09,39.2342,106.3439,57.58,9,1,5.68
494,Eloy,US,2022-05-16 16:10:09,32.7559,-111.5548,92.41,6,0,5.44
495,Guerrero Negro,MX,2022-05-16 16:10:10,27.9769,-114.0611,63.84,73,88,17.36
496,Impfondo,CG,2022-05-16 16:10:10,1.6381,18.0667,81.36,70,92,4.23
497,Ancud,CL,2022-05-16 16:10:11,-41.8697,-73.8203,52.32,57,30,8.75
498,Lamu,KE,2022-05-16 16:10:11,-2.2717,40.902,79.09,81,12,14.65
499,Seoul,KR,2022-05-16 16:07:13,37.5683,126.9778,54.84,69,5,3.47
500,Santa Quiteria,BR,2022-05-16 16:05:55,-4.3319,-40.1567,87.89,50,100,5.08
501,Montepuez,MZ,2022-05-16 16:11:12,-13.1256,38.9997,71.62,57,99,4.47
502,Amilly,FR,2022-05-16 16:08:23,47.9728,2.7719,76.87,53,60,2.42
503,Belyy Yar,RU,2022-05-16 16:11:12,53.6039,91.3903,62.49,63,0,4.47
504,Dubovka,RU,2022-05-16 16:11:12,49.0583,44.829,61.75,58,51,13.8
505,Labuhan,ID,2022-05-16 16:11:13,-6.8844,112.2051,81.03,81,100,4.36
506,Tsabong,BW,2022-05-16 16:11:13,-26.0217,22.401,73.71,32,48,9.62
507,Buin,CL,2022-05-16 16:11:14,-33.7333,-70.75,71.87,19,1,1.97
508,Gondanglegi,ID,2022-05-16 16:11:14,-7.7479,112.0132,75.54,86,85,7.76
509,Iquique,CL,2022-05-16 16:11:14,-20.2208,-70.1431,64.44,63,4,8.63
510,Razdolinsk,RU,2022-05-16 16:11:15,58.4211,94.6658,51.08,82,11,3.38
511,Premia De Mar,ES,2022-05-16 16:11:15,41.4921,2.3652,87.62,77,100,8.01
512,Kavaratti,IN,2022-05-16 16:11:16,10.5669,72.642,81.36,78,100,20.13
513,Aykhal,RU,2022-05-16 16:11:16,66.0,111.5,33.8,98,100,4.21
514,Beaverlodge,CA,2022-05-16 16:11:17,55.2166,-119.4361,50.43,67,63,1.77
515,Cap Malheureux,MU,2022-05-16 16:11:17,-19.9842,57.6142,76.46,70,42,5.01
516,Russell,US,2022-05-16 16:07:19,32.3502,-85.1999,83.91,45,7,6.29
517,Wittenheim,FR,2022-05-16 16:11:19,47.8078,7.337,77.4,55,85,7.49
518,Simpang,ID,2022-05-16 16:11:19,-1.2667,104.0833,74.68,97,96,1.77
519,Daru,PG,2022-05-16 16:11:19,-9.0763,143.2092,78.44,82,99,6.62
520,Pionerskiy,RU,2022-05-16 16:11:20,54.9508,20.2275,53.44,69,91,13.27
521,Moyale,KE,2022-05-16 16:11:20,3.5167,39.0584,66.2,85,59,5.61
522,Igarka,RU,2022-05-16 16:11:21,67.4667,86.5833,37.33,100,100,9.69
523,Vilyuysk,RU,2022-05-16 16:11:21,63.7553,121.6247,30.31,74,97,2.71
524,Torit,SS,2022-05-16 16:11:22,4.4133,32.5678,81.73,50,97,1.41
525,Jurm,AF,2022-05-16 16:11:22,36.8648,70.8342,67.03,61,8,3.6
526,Agua Verde,MX,2022-05-16 16:11:22,22.9,-106.05,82.49,68,28,6.71
527,Vrangel,RU,2022-05-16 16:11:23,42.7297,133.0839,48.31,86,93,1.83
528,Inhambane,MZ,2022-05-16 16:11:23,-23.865,35.3833,69.78,88,75,6.91
529,Goure,NE,2022-05-16 16:11:24,13.9835,10.2704,102.02,7,2,12.82
530,Clinton,US,2022-05-16 16:10:52,42.587,-82.9199,69.22,73,40,1.99
531,Tuatapere,NZ,2022-05-16 16:11:24,-46.1333,167.6833,53.33,94,98,2.73
532,Ramnagar,IN,2022-05-16 16:11:25,29.4,79.1167,88.9,16,25,5.23
533,Lompoc,US,2022-05-16 16:11:25,34.6391,-120.4579,63.84,89,100,16.11
534,Ritchie,ZA,2022-05-16 16:11:25,-29.038,24.6028,68.77,33,0,7.96
535,Chegdomyn,RU,2022-05-16 16:11:26,51.1167,133.0167,33.1,77,69,4.79
536,Rebrikha,RU,2022-05-16 16:11:26,53.0733,82.3408,64.4,48,77,4.79
537,Limon,CR,2022-05-16 16:08:27,10.0,-83.0333,87.69,70,40,11.5
538,Andenes,NO,2022-05-16 16:11:27,69.3143,16.1194,37.38,70,75,11.5
539,Omboue,GA,2022-05-16 16:11:27,-1.5746,9.2618,80.76,82,100,6.8
540,Klyuchi,RU,2022-05-16 16:11:27,52.2667,79.1667,67.28,51,100,4.41
541,Bonoua,CI,2022-05-16 16:11:28,5.2741,-3.595,85.62,67,96,7.56
542,Pangnirtung,CA,2022-05-16 16:11:28,66.1451,-65.7125,28.63,78,15,2.86
543,Kloulklubed,PW,2022-05-16 16:11:28,7.0419,134.2556,75.7,75,6,14.16
544,Liwale,TZ,2022-05-16 16:11:29,-9.7667,37.9333,73.47,61,82,4.29
545,Marolambo,MG,2022-05-16 16:11:29,-20.05,48.1167,63.66,98,44,3.71
546,Yuryev-Polskiy,RU,2022-05-16 16:11:30,56.5,39.6833,47.01,81,99,13.31
547,Simao,CN,2022-05-16 16:11:30,22.7886,100.9748,61.3,98,93,2.73
548,Roebourne,AU,2022-05-16 16:11:30,-20.7833,117.1333,73.9,74,99,7.4
549,Basco,PH,2022-05-16 16:11:31,20.4487,121.9702,79.88,82,99,22.93
550,Atambua,ID,2022-05-16 16:12:31,-9.1061,124.8925,71.87,85,10,4.12
551,Trofors,NO,2022-05-16 16:12:32,65.5333,13.4063,42.67,72,100,5.57
552,Itarema,BR,2022-05-16 16:12:32,-2.9248,-39.9167,84.7,70,66,14.67
553,Ponta Delgada,PT,2022-05-16 16:12:32,37.7333,-25.6667,63.32,59,20,18.41
554,Yatou,CN,2022-05-16 16:12:33,37.15,122.3833,54.09,85,7,3.98
555,Kargat,RU,2022-05-16 16:12:33,55.1956,80.2811,58.73,88,97,18.23
556,Paamiut,GL,2022-05-16 16:12:34,61.994,-49.6678,34.21,77,5,16.17
557,Lalibela,ET,2022-05-16 16:12:34,12.0333,39.0333,72.01,20,33,8.3
558,Minsk,BY,2022-05-16 16:10:20,53.9,27.5667,55.15,77,87,9.6
559,Licheng,CN,2022-05-16 16:12:35,23.2955,113.8284,62.29,87,34,3.62
560,Staryy Krym,UA,2022-05-16 16:12:35,45.0333,35.1,60.46,62,66,1.77
561,Rocha,UY,2022-05-16 16:12:35,-34.4833,-54.3333,53.98,78,91,19.19
562,Turayf,SA,2022-05-16 16:12:36,31.6725,38.6637,79.45,16,41,6.76
563,Halifax,CA,2022-05-16 16:10:01,44.6453,-63.5724,54.52,98,100,9.22
564,Longonjo,AO,2022-05-16 16:12:36,-12.9067,15.2533,70.36,51,86,4.16
565,Nago,JP,2022-05-16 16:12:37,26.5881,127.9761,64.83,93,100,12.64
566,Sao Paulo De Olivenca,BR,2022-05-16 16:12:37,-3.3783,-68.8725,78.76,90,100,1.25
567,Abha,SA,2022-05-16 16:12:37,18.2164,42.5053,77.25,4,0,12.66
568,Palmer,US,2022-05-16 16:12:38,42.1584,-72.3287,83.39,57,25,3.0
569,Magistralnyy,RU,2022-05-16 16:12:38,56.1725,107.4458,53.19,46,95,2.64
570,Ushtobe,KZ,2022-05-16 16:12:39,45.2514,77.9838,68.41,40,19,9.15
571,Blagoyevo,RU,2022-05-16 16:12:39,63.3667,47.9167,46.94,60,51,9.64
572,Axim,GH,2022-05-16 16:12:39,4.8699,-2.2405,84.15,70,72,7.56
573,Sept-Iles,CA,2022-05-16 16:12:40,50.2001,-66.3821,43.05,93,100,11.5
574,Dolores,AR,2022-05-16 16:12:40,-36.3132,-57.6792,56.01,65,98,21.27
575,Kizhinga,RU,2022-05-16 16:12:22,51.8462,109.9097,46.74,58,2,3.67
576,Porto Novo,BJ,2022-05-16 16:12:41,6.4965,2.6036,86.7,65,100,10.51
577,Miraflores,MX,2022-05-16 16:12:41,19.2167,-98.8083,70.03,21,9,3.38
578,Portobelo,PA,2022-05-16 16:12:41,9.55,-79.65,82.74,84,100,4.23
579,Santa Vitoria Do Palmar,BR,2022-05-16 16:12:42,-33.5189,-53.3681,53.69,78,72,17.78
580,Mackay,AU,2022-05-16 16:12:42,-21.15,149.2,68.68,83,48,7.23
581,Necochea,AR,2022-05-16 16:12:43,-38.5473,-58.7368,52.5,69,81,23.89
582,Smirnykh,RU,2022-05-16 16:12:43,49.75,142.8333,39.79,79,87,0.78
583,Smoky Lake,CA,2022-05-16 16:09:49,54.1169,-112.4686,52.84,54,89,15.48
584,Jiwani,PK,2022-05-16 16:12:44,25.05,61.7417,84.85,72,0,18.52
585,Yarqa,JO,2022-05-16 16:12:44,31.9785,35.6947,73.45,41,96,10.07
586,Baykit,RU,2022-05-16 16:12:44,61.67,96.37,54.09,82,93,2.73
587,Charcas,MX,2022-05-16 16:12:45,23.1333,-101.1167,71.64,26,0,7.74
588,Maniitsoq,GL,2022-05-16 16:12:45,65.4167,-52.9,32.36,64,0,8.57
589,Belgrade,RS,2022-05-16 16:09:12,44.804,20.4651,82.38,33,0,4.61
